Workbook

Sheet Project Tracker
A1: 📋 PROJECT PLANNING TRACKER
A2: Website Redesign Project | Team: Digital Squad | Duration: Apr – Jun 2026
A3: Task ID | B3: Task Name | C3: Owner | D3: Start Date | E3: End Date | F3: Duration (Days) | G3: Status | H3: Priority | I3: Milestone? | J3: Depends On (Task ID) | K3: Auto Flag | L3: Notes
A4: ▶ Phase: Discovery
A5: T-01 | B5: Kickoff Meeting | C5: Laxmi Sri Sai | D5: 46113 | E5: 46113 | F5: =E5-D5 -> 0 | G5: Completed | H5: High | I5: Yes | J5: — | K5: =IF(G5="Completed","✅ Done",IF(AND(E5<TODAY(),G5<>"Completed"),"⚠️ Overdue",IF(G5="Blocked","🔴 Blocked","🟢 On Track"))) -> ✅ Done | L5: Align all stakeholders on goals & scope
A6: T-02 | B6: Requirements Gathering | C6: Priya Sharma | D6: 46114 | E6: 46119 | F6: =E6-D6 -> 5 | G6: Completed | H6: High | I6: No | J6: T-01 | K6: =IF(G6="Completed","✅ Done",IF(AND(E6<TODAY(),G6<>"Completed"),"⚠️ Overdue",IF(G6="Blocked","🔴 Blocked","🟢 On Track"))) -> ✅ Done | L6: Collect feature requests from business units
A7: T-03 | B7: Competitor Analysis | C7: Ravi Kumar | D7: 46115 | E7: 46121 | F7: =E7-D7 -> 6 | G7: Completed | H7: Medium | I7: No | J7: T-01 | L7: Benchmark 5 competitor websites
A9: ▶ Phase: Planning
A10: T-04 | B10: Define Project Scope | C10: Laxmi Sri Sai | D10: 46122 | E10: 46123 | F10: =E10-D10 -> 1 | G10: Completed | H10: High | I10: Yes | J10: T-02 | K10: =IF(G10="Completed","✅ Done",IF(AND(E10<TODAY(),G10<>"Completed"),"⚠️ Overdue",IF(G10="Blocked","🔴 Blocked","🟢 On Track"))) -> ✅ Done | L10: Document in scope / out of scope items
A11: T-05 | B11: Create WBS | C11: Ananya Reddy | D11: 46124 | E11: 46126 | F11: =E11-D11 -> 2 | G11: Completed | H11: High | I11: No | J11: T-04 | K11: =IF(G11="Completed","✅ Done",IF(AND(E11<TODAY(),G11<>"Completed"),"⚠️ Overdue",IF(G11="Blocked","🔴 Blocked","🟢 On Track"))) -> ✅ Done | L11: Break project into deliverable components
A12: T-06 | B12: Build Gantt Chart | C12: Laxmi Sri Sai | D12: 46126 | E12: 46128 | F12: =E12-D12 -> 2 | G12: Completed | H12: Medium | I12: No | J12: T-05 | K12: =IF(G12="Completed","✅ Done",IF(AND(E12<TODAY(),G12<>"Completed"),"⚠️ Overdue",IF(G12="Blocked","🔴 Blocked","🟢 On Track"))) -> ✅ Done | L12: Use Google Sheets timeline view
A13: T-07 | B13: Budget Estimation | C13: Priya Sharma | D13: 46127 | E13: 46129 | F13: =E13-D13 -> 2 | G13: Completed | H13: High | I13: No | J13: T-04 | K13: =IF(G13="Completed","✅ Done",IF(AND(E13<TODAY(),G13<>"Completed"),"⚠️ Overdue",IF(G13="Blocked","🔴 Blocked","🟢 On Track"))) -> ✅ Done | L13: Estimate cost across 4 budget heads
A15: ▶ Phase: Design
A16: T-08 | B16: Wireframes – Homepage | C16: Sneha Rao | D16: 46132 | E16: 46137 | F16: =E16-D16 -> 5 | G16: Completed | H16: High | I16: No | J16: T-05 | K16: =IF(G16="Completed","✅ Done",IF(AND(E16<TODAY(),G16<>"Completed"),"⚠️ Overdue",IF(G16="Blocked","🔴 Blocked","🟢 On Track"))) -> ✅ Done | L16: Lo-fi wireframes in Figma
A17: T-09 | B17: UI Style Guide | C17: Sneha Rao | D17: 46136 | E17: 46142 | F17: =E17-D17 -> 6 | G17: Completed | H17: Medium | I17: No | J17: T-08 | K17: =IF(G17="Completed","✅ Done",IF(AND(E17<TODAY(),G17<>"Completed"),"⚠️ Overdue",IF(G17="Blocked","🔴 Blocked","🟢 On Track"))) -> ✅ Done | L17: Colors, fonts, spacing, button styles
A18: T-10 | B18: Design Review & Approval | C18: Laxmi Sri Sai | D18: 46143 | E18: 46144 | F18: =E18-D18 -> 1 | G18: Completed | H18: High | I18: Yes | J18: T-09 | K18: =IF(G18="Completed","✅ Done",IF(AND(E18<TODAY(),G18<>"Completed"),"⚠️ Overdue",IF(G18="Blocked","🔴 Blocked","🟢 On Track"))) -> ✅ Done | L18: Sign-off from Product & Marketing heads
A20: ▶ Phase: Development
A21: T-11 | B21: Frontend Dev – Homepage | C21: Kiran Dev | D21: 46147 | E21: 46162 | F21: =E21-D21 -> 15 | G21: Completed | H21: High | I21: No | J21: T-10 | K21: =IF(G21="Completed","✅ Done",IF(AND(E21<TODAY(),G21<>"Completed"),"⚠️ Overdue",IF(G21="Blocked","🔴 Blocked","🟢 On Track"))) -> ✅ Done | L21: HTML/CSS/JS implementation
A22: T-12 | B22: Backend Integration | C22: Kiran Dev | D22: 46157 | E22: 46170 | F22: =E22-D22 -> 13 | G22: In Progress | H22: High | I22: No | J22: T-11 | K22: =IF(G22="Completed","✅ Done",IF(AND(E22<TODAY(),G22<>"Completed"),"⚠️ Overdue",IF(G22="Blocked","🔴 Blocked","🟢 On Track"))) -> ⚠️ Overdue | L22: API connections & CMS setup
A23: T-13 | B23: QA Testing | C23: Ananya Reddy | D23: 46171 | E23: 46178 | F23: =E23-D23 -> 7 | G23: Not Started | H23: Medium | I23: No | J23: T-12 | K23: =IF(G23="Completed","✅ Done",IF(AND(E23<TODAY(),G23<>"Completed"),"⚠️ Overdue",IF(G23="Blocked","🔴 Blocked","🟢 On Track"))) -> ⚠️ Overdue | L23: Cross-browser & mobile testing
A25: ▶ Phase: Launch
A26: T-14 | B26: UAT Sign-off | C26: Laxmi Sri Sai | D26: 46179 | E26: 46180 | F26: =E26-D26 -> 1 | G26: Not Started | H26: High | I26: Yes | J26: T-13 | K26: =IF(G26="Completed","✅ Done",IF(AND(E26<TODAY(),G26<>"Completed"),"⚠️ Overdue",IF(G26="Blocked","🔴 Blocked","🟢 On Track"))) -> ⚠️ Overdue | L26: Final client sign-off before go-live
A27: T-15 | B27: Website Go-Live | C27: Kiran Dev | D27: 46183 | E27: 46183 | F27: =E27-D27 -> 0 | G27: Not Started | H27: High | I27: Yes | J27: T-14 | K27: =IF(G27="Completed","✅ Done",IF(AND(E27<TODAY(),G27<>"Completed"),"⚠️ Overdue",IF(G27="Blocked","🔴 Blocked","🟢 On Track"))) -> ⚠️ Overdue | L27: Deploy to production server

Sheet Dashboard
A1: 📊 PROJECT DASHBOARD — Website Redesign
A2: TASK STATUS SUMMARY | D2: MILESTONES
A3: Not Started | B3: =COUNTIF('Project Tracker'!G:G,"Not Started") -> 3 | D3: Total Milestones | E3: =COUNTIF('Project Tracker'!I:I,"Yes") -> 5
A4: In Progress | B4: =COUNTIF('Project Tracker'!G:G,"In Progress") -> 1
A5: Completed | B5: =COUNTIF('Project Tracker'!G:G,"Completed") -> 11 | D5: OVERDUE TASKS
A6: Blocked | B6: =COUNTIF('Project Tracker'!G:G,"Blocked") -> 0 | D6: Overdue (not completed) | E6: =COUNTIFS('Project Tracker'!E:E,"<"&TODAY(),'Project Tracker'!G:G,"<>Completed") -> 4
A7: At Risk | B7: =COUNTIF('Project Tracker'!G:G,"At Risk") -> 0
A8: TOTAL | B8: =SUM(B3:B7) -> 15
A10: PRIORITY BREAKDOWN
A11: High | B11: =COUNTIF('Project Tracker'!H:H,"High") -> 11
A12: Medium | B12: =COUNTIF('Project Tracker'!H:H,"Medium") -> 4
A13: Low | B13: =COUNTIF('Project Tracker'!H:H,"Low") -> 0
